-- CREATE TABLE SAMPLE(ID VARCHAR(5),RATING INT,P_DATE DATE);
-- INSERT into SAMPLE VALUES ('r2',9,to_timestamp_tz('OCT-01-15 09:11:17 PDT','MON-DD-YY HH24:MI:SS TZR'));

/* Yelp user table */
CREATE TABLE YELP_USER(YELP_USER_ID CHAR(5) primary key,EMAIL VARCHAR2(25),F_NAME VARCHAR2(20),L_NAME VARCHAR2(20),DOB DATE,BIRTHPLACE CHAR(30),GENDER CHAR(1));
INSERT INTO YELP_USER VALUES ('Y1','john@yahoo.com','John','Smith',TO_DATE('1992-12-12','YYYY-MM-DD'),'LAKE CITY,FL 32056','M');
INSERT INTO YELP_USER VALUES ('Y2','juan@yahoo.com','Juan','Carlos',TO_DATE('1988-2-7','YYYY-MM-DD'),'Adak,AK 99546 ','M');
INSERT INTO YELP_USER VALUES ('Y3','jane@gmail.com','Jane','Chapel',TO_DATE('1980-6-1','YYYY-MM-DD'),'VERNON HILLS,IL 60061','F');
INSERT INTO YELP_USER VALUES ('Y4','adi@yahoo.com','Aditya','Awasthi',TO_DATE('1964-4-12','YYYY-MM-DD'),'SAN FRANCISCO, CA 94102','M');
INSERT INTO YELP_USER VALUES ('Y5','james@hotmail.com','James','Williams',TO_DATE('1991-5-5','YYYY-MM-DD'),'NEW YORK ,NY 10010','M');
INSERT INTO YELP_USER VALUES ('Y6','mike@yahoo.com','Mike','Brown',TO_DATE('1988-3-1','YYYY-MM-DD'),'CEDAR FALLS, NC 27230','M');
INSERT INTO YELP_USER VALUES ('Y7','bob@yahoo.com','Bob','Jones',TO_DATE('1970-2-19','YYYY-MM-DD'),'FISHERS ISLAND,NY 06390','M');
INSERT INTO YELP_USER VALUES ('Y8','wei@gmail.com','Wei','Zhang',TO_DATE('1975-3-18','YYYY-MM-DD'),'LAS VEGAS,NV 89030','F');
INSERT INTO YELP_USER VALUES ('Y9','mark@gmail.com','Mark','Davis',TO_DATE('1945-11-2','YYYY-MM-DD'),'LOS ANGELES,CA 90007','M');
INSERT INTO YELP_USER VALUES ('Y10','daniel@yahoo.com','Daniel','Garcia',TO_DATE('1984-5-10','YYYY-MM-DD'),'CALDWELL,NJ 07004','M');
INSERT INTO YELP_USER VALUES ('Y11','maria@hotmail.com','Maria','Rodriguez',TO_DATE('1985-8-12','YYYY-MM-DD'),'LOS ANGELES,CA 90007','F');
INSERT INTO YELP_USER VALUES ('Y12','freya@yahoo.com','Freya','Wilson',TO_DATE('1990-10-5','YYYY-MM-DD'),'CLIFFSIDE PARK ,NJ 07010','F');
INSERT INTO YELP_USER VALUES ('Y13','kell@gmail.com','Kelley','Abraham',TO_DATE('1995-11-27','YYYY-MM-DD'),'REDONDO BEACH,CA 90278','F');

/* Business category */
CREATE TABLE BUSINESS_CATEGORY(B_CAT_ID VARCHAR(5), C_NAME VARCHAR(20));
INSERT INTO BUSINESS_CATEGORY VALUES ('BCT1','Amusement Parks');
INSERT INTO BUSINESS_CATEGORY VALUES ('BCT2','Gymnastics');
INSERT INTO BUSINESS_CATEGORY VALUES ('BCT3','Architects');
INSERT INTO BUSINESS_CATEGORY VALUES ('BCT4','Windshield');
INSERT INTO BUSINESS_CATEGORY VALUES ('BCT5','Breakfast & Brunch');
INSERT INTO BUSINESS_CATEGORY VALUES ('BCT6','Career Counseling');
INSERT INTO BUSINESS_CATEGORY VALUES ('BCT7','Coffee Shops');
INSERT INTO BUSINESS_CATEGORY VALUES ('BCT8','Food and More');
INSERT INTO BUSINESS_CATEGORY VALUES ('BCT9','Pool Cleaners');
INSERT INTO BUSINESS_CATEGORY VALUES ('BCT10','Bars');
INSERT INTO BUSINESS_CATEGORY VALUES ('BCT11','Burgers');

/* Business Table */
CREATE TABLE BUSINESS(BUSINESS_ID VARCHAR(5) PRIMARY KEY,B_NAME VARCHAR(20) NOT NULL,CITY VARCHAR(20),STATE CHAR(2),PHONE_NUMBER VARCHAR(15),BCT_ID CHAR(4) REFERENCES BUSINESS_CATEGORY(B_CAT_ID),OPEN CHAR(1));
INSERT INTO BUSINESS VALUES ('B1','Big Surf','San Jose','CA','(520)-622-6400','BCT1','T');
INSERT INTO BUSINESS VALUES ('B2','AirBorne COFFEE','San Jose','CA','(408)-524-3580','BCT2','T');
INSERT INTO BUSINESS VALUES ('B3','Pedley Richard Architect','San Jose','CA','(419)-244-5200','BCT3','T');
INSERT INTO BUSINESS VALUES ('B4','Safelite AutoGlass','San Jose','CA','(520)-465-5225','BCT4','T');
INSERT INTO BUSINESS VALUES ('B5','SMITH THOMSON','San Jose','CA','(855)-808-1480','BCT5','T');
INSERT INTO BUSINESS VALUES ('B6','Catch Your Big Break','San Jose','CA','(408)-827-8383','BCT6','T');
INSERT INTO BUSINESS VALUES ('B7','Bay Area Coffee Shop','San Clara','CA','(408)-876','7785','BCT7','T');
INSERT INTO BUSINESS VALUES ('B8','China Coffee Toffee','San Clara','CA','(408)-261-9000','BCT8','T');
INSERT INTO BUSINESS VALUES ('B9','Hastings Water Works','Brecksville','OH','(440)-832-7700','BCT9','T');
INSERT INTO BUSINESS VALUES ('B10','The Cinebar Torrance','CA','(408)-465-8308','BCT10','T');
INSERT INTO BUSINESS VALUES ('B11','In-N-Out Burger','San Jose','CA','(408)-804-8782','BCT11','F');
INSERT INTO BUSINESS VALUES ('B12','Coffee Bar & Bistro','San Clara','CA','(408)-465-8208','BCT10','T');
INSERT INTO BUSINESS VALUES ('B13','Renegades','San Clara','CA','(408)-465-8108','BCT10','T');
INSERT INTO BUSINESS VALUES ('B14','Alex"s 49er Inn Columbus','OH','(419)-465-8018','BCT10','T');
INSERT INTO BUSINESS VALUES ('B15','Red Stag Lounge Brecksville','OH','(419)-465-8028','BCT10','T');
INSERT INTO BUSINESS VALUES ('B16','JJ"s Blues Brecksville','OH','(419)-465-8108','BCT10','T');
INSERT INTO BUSINESS VALUES ('B17','The Bears Cocktails','Vienna','VA','(844)-465-8028','BCT10','T');
INSERT INTO BUSINESS VALUES ('B18','Trials Pub Vienna','VA','(844)-465-8038','BCT10','T');
INSERT INTO BUSINESS VALUES ('B19','Santa Cruz Wine Bar','Vienna','VA','(844)-465-8048','BCT10','T');
INSERT INTO BUSINESS VALUES ('B20','Firehouse No 1 Gastropub','Tempe','AZ','(520)-465-8058','BCT10','T');
INSERT INTO BUSINESS VALUES ('B21','Original Gravity Public House','Tempe','AZ','(520)-465-8068','BCT10','T');
INSERT INTO BUSINESS VALUES ('B22','Hobee"s','San Jose','CA','(408)-465-8078','BCT5','F');
INSERT INTO BUSINESS VALUES ('B23','The Table','San Jose','CA','(408)-465-8908','BCT5','T');
INSERT INTO BUSINESS VALUES ('B24','Top Nosh Café','San Jose','CA','(408)-465-8098','BCT5','T');
INSERT INTO BUSINESS VALUES ('B25','Breakfast Place','San Jose','CA','(408)-465-8808','BCT5','F');
INSERT INTO BUSINESS VALUES ('B26','Cafe Rosalena','San Jose','CA','(408)-465-8708','BCT5','F');
INSERT INTO BUSINESS VALUES ('B27','Southern Kitchen','San Jose','CA','(408)-465-8608','BCT5','F');
INSERT INTO BUSINESS VALUES ('B28','Holder"s Country Inn','San Jose','CA','(408)-465-8508','BCT5','F');

CREATE TABLE REVIEW(R_ID VARCHAR(5) PRIMARY KEY,RATING INT,AUTHOR VARCHAR(5) REFERENCES YELP_USER(YELP_USER_ID),PUBLISH_DATE DATE,FRIEND_LIST_COOL_FUN_USE VARCHAR(60),REC VARCHAR(1),BUSINESS_ID VARCHAR(5) REFERENCES BUSINESS(BUSINESS_ID),FUNNY_VOTES INT,COOL_VOTES INT,USEFUL_VOTES INT);
INSERT INTO REVIEW VALUES ('R1',2,'Y1','OCT-01-15 09:11:17 PDT','Y2','R','B1',1,0,0);
INSERT INTO REVIEW VALUES ('R2',3,'Y2','OCT-02-15 09:11:17 PDT','Y1','R','B2',0,1,0);
INSERT INTO REVIEW VALUES ('R3',2,'Y3','OCT-03-15 09:11:17 PDT','Y6','R','B3',0,0,1);
INSERT INTO REVIEW VALUES ('R4',2,'Y4','OCT-11-15 09:11:17 PDT','Y7','R','B4',1,0,0);
INSERT INTO REVIEW VALUES ('R5',4,'Y5','OCT-01-15 09:11:17 PDT','Y9','R','B5',0,1,0);
INSERT INTO REVIEW VALUES ('R6',4,'Y6','OCT-02-15 09:11:17 PDT','Y2','R','B6',0,0,1);
INSERT INTO REVIEW VALUES ('R7',3,'Y7','OCT-03-15 09:11:17 PDT','Y1','R','B7',1,0,0);
INSERT INTO REVIEW VALUES ('R8',2,'Y8','OCT-04-15 09:11:17 PDT','Y10','R','B8',0,1,0);
INSERT INTO REVIEW VALUES ('R9',1,'Y9','OCT-05-15 09:11:17 PDT','Y1','R','B9',0,0,1);
INSERT INTO REVIEW VALUES ('R10',1,'Y10','OCT-06-15 09:11:17 PDT','Y6','R','B10',1,0,0);
INSERT INTO REVIEW VALUES ('R11',2,'Y1','OCT-07-15 09:11:17 PDT','Y2','R','B11',0,1,0);
INSERT INTO REVIEW VALUES ('R12',2,'Y2','OCT-08-15 09:11:17 PDT','Y1','R','B1',1,0,0);
INSERT INTO REVIEW VALUES ('R13',2,'Y3','OCT-09-15 09:11:17 PDT','Y6','R','B2',0,1,0);
INSERT INTO REVIEW VALUES ('R14',3,'Y4','OCT-10-15 09:11:17 PDT','Y7','R','B3',0,0,1);
INSERT INTO REVIEW VALUES ('R15',4,'Y5','OCT-01-15 09:11:17 PDT','Y9','R','B4',1,0,0);
INSERT INTO REVIEW VALUES ('R16',4,'Y6','OCT-01-15 09:11:17 PDT','Y2','R','B5',0,1,0);
INSERT INTO REVIEW VALUES ('R17',1,'Y1','OCT-01-15 09:11:17 PDT','Y2','R','B6',0,0,1);
INSERT INTO REVIEW VALUES ('R18',2,'Y7','OCT-01-15 09:11:17 PDT','Y1','R','B7',1,0,0);
INSERT INTO REVIEW VALUES ('R19',3,'Y8','OCT-01-15 09:11:17 PDT','Y10','R','B8',0,1,0);
INSERT INTO REVIEW VALUES ('R20',4,'Y9','OCT-01-15 09:11:17 PDT','Y1','R','B9',0,0,1);
INSERT INTO REVIEW VALUES ('R21',4,'Y10','OCT-01-15 09:11:17 PDT','Y6','R','B10',1,0,0);
INSERT INTO REVIEW VALUES ('R22',5,'Y13','OCT-01-15 09:11:17 PDT','Y8','R','B12',0,1,0);
INSERT INTO REVIEW VALUES ('R23',5,'Y13','OCT-01-15 09:11:17 PDT','Y8','R','B13',0,0,1);
INSERT INTO REVIEW VALUES ('R24',5,'Y13','OCT-01-15 09:11:17 PDT','Y8','R','B14',1,0,0);
INSERT INTO REVIEW VALUES ('R25',5,'Y13','OCT-01-15 09:11:17 PDT','Y8','R','B15',0,1,0);
INSERT INTO REVIEW VALUES ('R26',5,'Y13','OCT-01-15 09:11:17 PDT','Y8','R','B16',0,0,1);
INSERT INTO REVIEW VALUES ('R27',5,'Y13','OCT-01-15 09:11:17 PDT','Y8','R','B17',1,0,0);
INSERT INTO REVIEW VALUES ('R28',5,'Y13','OCT-01-15 09:11:17 PDT','Y8','R','B18',0,1,0);
INSERT INTO REVIEW VALUES ('R29',5,'Y13','OCT-01-15 09:11:17 PDT','Y8','R','B19',0,0,1);
INSERT INTO REVIEW VALUES ('R30',5,'Y13','OCT-01-15 09:11:17 PDT','Y8','R','B20',1,0,0);
INSERT INTO REVIEW VALUES ('R31',5,'Y13','OCT-01-15 09:11:17 PDT','Y8','R','B21',0,1,0);
INSERT INTO REVIEW VALUES ('R32',5,'Y13','OCT-01-15 09:11:17 PDT','Y8','R','B22',0,0,1);
INSERT INTO REVIEW VALUES ('R33',2,'Y3','OCT-01-15 09:11:17 PDT','Y6','R','B1',1,0,0);
INSERT INTO REVIEW VALUES ('R34',3,'Y4','OCT-01-15 09:11:17 PDT','Y7','R','B2',0,1,0);
INSERT INTO REVIEW VALUES ('R35',2,'Y5','OCT-01-15 09:11:17 PDT','Y9','R','B3',0,0,1);
INSERT INTO REVIEW VALUES ('R36',2,'Y6','OCT-01-15 09:11:17 PDT','Y2','R','B4',1,0,0);
INSERT INTO REVIEW VALUES ('R37',4,'Y1','OCT-01-15 09:11:17 PDT','Y2','R','B5',0,1,0);
INSERT INTO REVIEW VALUES ('R38',4,'Y2','OCT-01-15 09:11:17 PDT','Y1','R','B6',0,0,1);
INSERT INTO REVIEW VALUES ('R39',2,'Y4','OCT-01-15 09:11:17 PDT','Y7','R','B1',1,0,0);
INSERT INTO REVIEW VALUES ('R40',3,'Y5','OCT-01-15 09:11:17 PDT','Y9','R','B2',0,1,0);
INSERT INTO REVIEW VALUES ('R41',2,'Y6','OCT-01-15 09:11:17 PDT','Y2','R','B3',0,0,1);
INSERT INTO REVIEW VALUES ('R42',2,'Y1','OCT-01-15 09:11:17 PDT','Y2','R','B4',1,0,0);
INSERT INTO REVIEW VALUES ('R43',4,'Y2','OCT-01-15 09:11:17 PDT','Y1','R','B5',0,1,0);
INSERT INTO REVIEW VALUES ('R44',4,'Y3','OCT-01-15 09:11:17 PDT','Y6','R','B6',0,0,1);
INSERT INTO REVIEW VALUES ('R45',2,'Y5','OCT-01-15 09:11:17 PDT','Y9','R','B1',1,0,0);
INSERT INTO REVIEW VALUES ('R46',3,'Y6','OCT-01-15 09:11:17 PDT','Y2','R','B2',0,1,0);
INSERT INTO REVIEW VALUES ('R47',2,'Y1','OCT-01-15 09:11:17 PDT','Y2','R','B3',0,0,1);
INSERT INTO REVIEW VALUES ('R48',2,'Y2','OCT-01-15 09:11:17 PDT','Y1','R','B4',1,0,0);
INSERT INTO REVIEW VALUES ('R49',4,'Y3','OCT-01-15 09:11:17 PDT','Y6','R','B5',0,1,0);
INSERT INTO REVIEW VALUES ('R50',4,'Y4','OCT-01-15 09:11:17 PDT','Y7','R','B6',0,0,1);
INSERT INTO REVIEW VALUES ('R51',2,'Y6','OCT-01-15 09:11:17 PDT','Y2','R','B1',1,0,0);
INSERT INTO REVIEW VALUES ('R52',3,'Y1','OCT-01-15 09:11:17 PDT','Y2','R','B2',0,1,0);
INSERT INTO REVIEW VALUES ('R53',2,'Y2','OCT-01-15 09:11:17 PDT','Y1','R','B3',0,0,1);
INSERT INTO REVIEW VALUES ('R54',2,'Y3','OCT-01-15 09:11:17 PDT','Y6','R','B4',1,0,0);
INSERT INTO REVIEW VALUES ('R55',4,'Y4','OCT-01-15 09:11:17 PDT','Y7','R','B5',0,1,0);
INSERT INTO REVIEW VALUES ('R56',4,'Y5','OCT-01-15 09:11:17 PDT','Y9','R','B6',0,0,1);
INSERT INTO REVIEW VALUES ('R57',4,'Y1','OCT-01-15 09:11:17 PDT','Y2','R','B23',0,0,1);
INSERT INTO REVIEW VALUES ('R58',4,'Y2','OCT-01-15 09:11:17 PDT','Y1','R','B23',0,1,0);
INSERT INTO REVIEW VALUES ('R59',4,'Y3','OCT-01-15 09:11:17 PDT','Y6','R','B23',0,0,1);
INSERT INTO REVIEW VALUES ('R60',4,'Y4','OCT-01-15 09:11:17 PDT','Y7','R','B23',1,0,0);
INSERT INTO REVIEW VALUES ('R61',4,'Y5','OCT-01-15 09:11:17 PDT','Y9','R','B23',0,1,0);
INSERT INTO REVIEW VALUES ('R62',4,'Y6','OCT-01-15 09:11:17 PDT','Y2','R','B23',0,0,1);
INSERT INTO REVIEW VALUES ('R63',4,'Y1','OCT-01-15 09:11:17 PDT','Y2','R','B24',1,0,0);
INSERT INTO REVIEW VALUES ('R64',4,'Y2','OCT-01-15 09:11:17 PDT','Y1','R','B24',0,1,0);
INSERT INTO REVIEW VALUES ('R65',4,'Y3','OCT-01-15 09:11:17 PDT','Y6','R','B24',0,0,1);
INSERT INTO REVIEW VALUES ('R66',4,'Y4','OCT-01-15 09:11:17 PDT','Y7','R','B24',1,0,0);
INSERT INTO REVIEW VALUES ('R67',4,'Y5','OCT-01-15 09:11:17 PDT','Y9','R','B24',0,1,0);
INSERT INTO REVIEW VALUES ('R68',4,'Y6','OCT-01-15 09:11:17 PDT','Y2','R','B24',0,0,1);
INSERT INTO REVIEW VALUES ('R69',4,'Y1','OCT-01-15 09:11:17 PDT','Y2','R','B25',1,0,0);
INSERT INTO REVIEW VALUES ('R70',4,'Y2','OCT-01-15 09:11:17 PDT','Y1','R','B25',0,1,0);
INSERT INTO REVIEW VALUES ('R71',4,'Y3','OCT-01-15 09:11:17 PDT','Y6','R','B25',0,0,1);
INSERT INTO REVIEW VALUES ('R72',4,'Y4','OCT-01-15 09:11:17 PDT','Y7','R','B25',1,0,0);
INSERT INTO REVIEW VALUES ('R73',4,'Y5','OCT-01-15 09:11:17 PDT','Y9','R','B25',0,1,0);
INSERT INTO REVIEW VALUES ('R74',4,'Y6','OCT-01-15 09:11:17 PDT','Y2','R','B25',0,0,1);
INSERT INTO REVIEW VALUES ('R75',4,'Y1','OCT-01-15 09:11:17 PDT','Y2','R','B26',1,0,0);
INSERT INTO REVIEW VALUES ('R76',4,'Y2','OCT-01-15 09:11:17 PDT','Y1','R','B26',0,1,0);
INSERT INTO REVIEW VALUES ('R77',4,'Y3','OCT-01-15 09:11:17 PDT','Y6','R','B26',0,0,1);
INSERT INTO REVIEW VALUES ('R78',4,'Y4','OCT-01-15 09:11:17 PDT','Y7','R','B26',1,0,0);
INSERT INTO REVIEW VALUES ('R79',4,'Y5','OCT-01-15 09:11:17 PDT','Y9','R','B26',0,1,0);
INSERT INTO REVIEW VALUES ('R80',4,'Y6','OCT-01-15 09:11:17 PDT','Y2','R','B26',0,0,1);
INSERT INTO REVIEW VALUES ('R81',4,'Y2','OCT-01-15 09:11:17 PDT','Y1','R','B27',1,0,0);
INSERT INTO REVIEW VALUES ('R82',5,'Y3','OCT-01-15 09:11:17 PDT','Y6','R','B27',0,1,0);
INSERT INTO REVIEW VALUES ('R83',5,'Y4','OCT-01-15 09:11:17 PDT','Y7','R','B27',0,0,1);
INSERT INTO REVIEW VALUES ('R84',5,'Y5','OCT-01-15 09:11:17 PDT','Y9','R','B27',1,0,0);
INSERT INTO REVIEW VALUES ('R85',5,'Y6','OCT-01-15 09:11:17 PDT','Y2','R','B27',0,1,0);
INSERT INTO REVIEW VALUES ('R86',5,'Y1','OCT-01-15 09:11:17 PDT','Y2','R','B22',0,0,1);
INSERT INTO REVIEW VALUES ('R87',5,'Y2','OCT-01-15 09:11:17 PDT','Y1','R','B22',1,0,0);
INSERT INTO REVIEW VALUES ('R88',5,'Y3','OCT-01-15 09:11:17 PDT','Y6','R','B22',0,1,0);
INSERT INTO REVIEW VALUES ('R89',5,'Y4','OCT-01-15 09:11:17 PDT','Y7','R','B22',0,0,1);
INSERT INTO REVIEW VALUES ('R90',5,'Y5','OCT-01-15 09:11:17 PDT','Y9','R','B28',1,0,0);
INSERT INTO REVIEW VALUES ('R91',5,'Y6','OCT-01-15 09:11:17 PDT','Y2','R','B28',0,1,0);
INSERT INTO REVIEW VALUES ('R92',5,'Y7','OCT-01-15 09:11:17 PDT','Y1','R','B28',0,0,1);
INSERT INTO REVIEW VALUES ('R93',5,'Y8','OCT-01-15 09:11:17 PDT','Y10','R','B28',1,0,0);
INSERT INTO REVIEW VALUES ('R94',5,'Y9','OCT-01-15 09:11:17 PDT','Y1','R','B28',0,1,0);
